[
    {
        "type": "message",
        "user": "U061A1R2R",
        "text": ":neerajt: :ok_hand:",
        "ts": "1433944891.000020"
    },
    {
        "user": "U066B6F9R",
        "type": "message",
        "subtype": "channel_join",
        "text": "<@U066B6F9R|pavanb> has joined the channel",
        "ts": "1433955435.000021"
    },
    {
        "user": "U066H4AKX",
        "type": "message",
        "subtype": "channel_join",
        "text": "<@U066H4AKX|gregsmith> has joined the channel",
        "ts": "1433962066.000022"
    },
    {
        "user": "U066MTL5U",
        "type": "message",
        "subtype": "channel_join",
        "text": "<@U066MTL5U|colinnlsn> has joined the channel",
        "ts": "1433967649.000023"
    },
    {
        "type": "message",
        "user": "U061A1R2R",
        "text": "<https:\/\/ryanseys.com\/blog\/177-days-of-github\/>",
        "attachments": [
            {
                "service_name": "Ryan Seys",
                "title": "177 Days of GitHub",
                "title_link": "https:\/\/ryanseys.com\/blog\/177-days-of-github\/",
                "text": "Software \/ web developer who loves open source. Works at Google. Previously at Mozilla.",
                "fallback": "Ryan Seys: 177 Days of GitHub",
                "ts": 1379142000,
                "from_url": "https:\/\/ryanseys.com\/blog\/177-days-of-github\/",
                "id": 1
            }
        ],
        "ts": "1433993860.000024"
    },
    {
        "type": "message",
        "user": "U061A1R2R",
        "text": "this guy is 886 days and counting!",
        "ts": "1433994183.000026"
    },
    {
        "type": "message",
        "user": "U061A1R2R",
        "text": "<https:\/\/github.com\/waywardmonkeys\/>",
        "ts": "1433994185.000027"
    }
]