[
    {
        "user": "U064KUGRJ",
        "type": "message",
        "subtype": "channel_join",
        "text": "<@U064KUGRJ|timabram> has joined the channel",
        "ts": "1433864706.943124"
    },
    {
        "type": "message",
        "user": "U061A1R2R",
        "text": "on election vis",
        "ts": "1433866583.000002"
    },
    {
        "type": "message",
        "user": "U061A1R2R",
        "text": "<http:\/\/www.smbc-comics.com\/?id=3047>",
        "ts": "1433866584.000003"
    },
    {
        "type": "message",
        "user": "U061A1R2R",
        "text": "<http:\/\/www.smbc-comics.com\/comics\/20130712.png>",
        "attachments": [
            {
                "fallback": "612x2886px image",
                "image_url": "http:\/\/www.smbc-comics.com\/comics\/20130712.png",
                "image_width": 612,
                "image_height": 2886,
                "image_bytes": 708152,
                "from_url": "http:\/\/www.smbc-comics.com\/comics\/20130712.png",
                "id": 1
            }
        ],
        "ts": "1433866597.000004"
    },
    {
        "type": "message",
        "user": "U061A5N1G",
        "text": "Haha,  nice",
        "ts": "1433866720.000006"
    },
    {
        "type": "message",
        "user": "U061A5N1G",
        "text": "On log scales",
        "ts": "1433866756.000007"
    },
    {
        "type": "message",
        "user": "U061A5N1G",
        "text": "<http:\/\/imgs.xkcd.com\/comics\/log_scale.png>",
        "attachments": [
            {
                "fallback": "508x400px image",
                "image_url": "http:\/\/imgs.xkcd.com\/comics\/log_scale.png",
                "image_width": 508,
                "image_height": 400,
                "image_bytes": 29087,
                "from_url": "http:\/\/imgs.xkcd.com\/comics\/log_scale.png",
                "id": 1
            }
        ],
        "ts": "1433866760.000008"
    },
    {
        "type": "message",
        "user": "U061A3E0G",
        "text": "<http:\/\/thenextweb.com\/apps\/2015\/02\/05\/13-cool-things-might-not-know-can-slack\/>",
        "edited": {
            "user": "U061A3E0G",
            "ts": "1433868169.000000"
        },
        "ts": "1433868126.000010"
    },
    {
        "type": "message",
        "user": "U061A1R2R",
        "text": "hah!",
        "ts": "1433868209.000013"
    },
    {
        "user": "U064QAV16",
        "type": "message",
        "subtype": "channel_join",
        "text": "<@U064QAV16|pedrosan> has joined the channel",
        "ts": "1433869302.000014"
    },
    {
        "user": "U064SRKPD",
        "type": "message",
        "subtype": "channel_join",
        "text": "<@U064SRKPD|amandashih> has joined the channel",
        "ts": "1433871947.000015"
    },
    {
        "type": "message",
        "user": "U061A1R2R",
        "text": "<@U061A5N1G>:  <http:\/\/www.reddit.com\/r\/ProgrammerHumor\/comments\/395aj4\/evolution_of_a_python_programmer\/>",
        "attachments": [
            {
                "service_name": "reddit",
                "title": "Evolution of a Python programmer \u2022 \/r\/ProgrammerHumor",
                "title_link": "http:\/\/www.reddit.com\/r\/ProgrammerHumor\/comments\/395aj4\/evolution_of_a_python_programmer\/",
                "text": "Newbie programmer def factorial(x): if x == 0: return 1 else: return x * factorial(x - 1) print...",
                "fallback": "reddit: Evolution of a Python programmer \u2022 \/r\/ProgrammerHumor",
                "thumb_url": "https:\/\/www.redditstatic.com\/icon.png",
                "from_url": "http:\/\/www.reddit.com\/r\/ProgrammerHumor\/comments\/395aj4\/evolution_of_a_python_programmer\/",
                "thumb_width": 256,
                "thumb_height": 256,
                "id": 1
            }
        ],
        "ts": "1433904212.000016"
    },
    {
        "user": "U065ETZEC",
        "type": "message",
        "subtype": "channel_join",
        "text": "<@U065ETZEC|jkim> has joined the channel",
        "ts": "1433905933.000018"
    },
    {
        "type": "message",
        "user": "U061A5N1G",
        "text": "The UNIX one is totally me :blush:",
        "ts": "1433918262.000019"
    }
]