[
    {
        "user": "U1GHT2TA4",
        "type": "message",
        "subtype": "channel_join",
        "text": "<@U1GHT2TA4|enphilistor> has joined the channel",
        "ts": "1465862728.000002"
    },
    {
        "user": "U061A5N1G",
        "old_name": "random",
        "name": "meetup-",
        "type": "message",
        "subtype": "channel_name",
        "text": "<@U061A5N1G|neerajt> has renamed the channel from \"random\" to \"meetup-\"",
        "ts": "1465863776.000003"
    },
    {
        "type": "message",
        "user": "U061A5N1G",
        "text": "<http:\/\/www.lauriefrick.com\/work\/>",
        "attachments": [
            {
                "service_name": "LAURIE FRICK",
                "title": "WORK",
                "title_link": "http:\/\/www.lauriefrick.com\/work\/",
                "text": "Laurie Frick Data Artist and experiments in self-tracking.",
                "fallback": "LAURIE FRICK: WORK",
                "thumb_url": "http:\/\/static1.squarespace.com\/static\/55784beee4b06b39773765ab\/t\/55784cb2e4b058c6d6a42ef7\/1464959008167\/?format=1000w",
                "from_url": "http:\/\/www.lauriefrick.com\/work\/",
                "thumb_width": 1000,
                "thumb_height": 667,
                "service_icon": "http:\/\/www.lauriefrick.com\/favicon.ico",
                "id": 1
            }
        ],
        "ts": "1465863854.000004"
    },
    {
        "type": "message",
        "user": "U061A5N1G",
        "text": "<http:\/\/longnow.org\/essays\/enlightenment-dead-long-live-entanglement\/>",
        "ts": "1465863993.000006"
    },
    {
        "type": "message",
        "user": "U061A5N1G",
        "text": "<http:\/\/www.newamericanpublicart.com\/yourbigface\/>",
        "attachments": [
            {
                "service_name": "New American Public Art",
                "title": "Your Big Face",
                "title_link": "http:\/\/www.newamericanpublicart.com\/yourbigface\/",
                "text": "Interactive experience for an intelligent public",
                "fallback": "New American Public Art: Your Big Face",
                "from_url": "http:\/\/www.newamericanpublicart.com\/yourbigface\/",
                "service_icon": "http:\/\/www.newamericanpublicart.com\/favicon.ico",
                "id": 1
            }
        ],
        "ts": "1465864098.000007"
    },
    {
        "type": "message",
        "user": "U061A5N1G",
        "text": "<http:\/\/whichlight.com\/>",
        "attachments": [
            {
                "title": "WHICHLIGHT \u2022 media, creative technology, and interactive art \u2022 Kawandeep Virdee",
                "title_link": "http:\/\/whichlight.com\/",
                "text": "Kawandeep Virdee is a creative technologist making things that we can do together.",
                "fallback": "WHICHLIGHT \u2022 media, creative technology, and interactive art \u2022 Kawandeep Virdee",
                "from_url": "http:\/\/whichlight.com\/",
                "service_icon": "http:\/\/whichlight.com\/site\/img\/favicon.ico",
                "service_name": "whichlight.com",
                "id": 1
            }
        ],
        "ts": "1465864194.000009"
    },
    {
        "type": "message",
        "user": "U061A5N1G",
        "text": "<http:\/\/carolinesinders.com\/>",
        "ts": "1465864307.000011"
    },
    {
        "type": "message",
        "user": "U064SRKPD",
        "text": "it seems like a few of these speakers attended: <https:\/\/tisch.nyu.edu\/itp>",
        "attachments": [
            {
                "title": "ITP",
                "title_link": "https:\/\/tisch.nyu.edu\/itp",
                "text": "Learn more about the Interactive Telecommunications Program (ITP) at NYU Tisch, a two-year graduate program exploring the imaginative use of communications technologies.",
                "fallback": "ITP",
                "from_url": "https:\/\/tisch.nyu.edu\/itp",
                "service_icon": "https:\/\/tisch.nyu.edu\/etc\/designs\/tisch\/favicon.ico",
                "service_name": "tisch.nyu.edu",
                "id": 1
            }
        ],
        "ts": "1465864489.000012",
        "reactions": [
            {
                "name": "+1",
                "users": [
                    "U061A3E0G",
                    "U061A1R2R"
                ],
                "count": 2
            }
        ]
    },
    {
        "type": "message",
        "user": "U061A3E0G",
        "text": "<http:\/\/lifewinning.com\/>",
        "attachments": [
            {
                "title": "Lifewinning ",
                "title_link": "http:\/\/lifewinning.com\/",
                "text": "The internet home of Ingrid Burrington",
                "fallback": "Lifewinning ",
                "from_url": "http:\/\/lifewinning.com\/",
                "service_name": "lifewinning.com",
                "id": 1
            }
        ],
        "ts": "1465864561.000014",
        "reactions": [
            {
                "name": "+1",
                "users": [
                    "U061A5N1G"
                ],
                "count": 1
            }
        ]
    },
    {
        "type": "message",
        "user": "U061A5N1G",
        "text": "<http:\/\/myshadow.org>",
        "ts": "1465864631.000016"
    },
    {
        "type": "message",
        "user": "U061A5N1G",
        "text": "<http:\/\/smell.dating\/>",
        "attachments": [
            {
                "title": "Smell Dating",
                "title_link": "http:\/\/smell.dating\/",
                "text": "Mail Odor Dating",
                "fallback": "Smell Dating",
                "image_url": "https:\/\/smell.dating\/share.jpg",
                "from_url": "http:\/\/smell.dating\/",
                "image_width": 476,
                "image_height": 250,
                "image_bytes": 39094,
                "service_name": "smell.dating",
                "id": 1
            }
        ],
        "ts": "1465865000.000017",
        "reactions": [
            {
                "name": "nose",
                "users": [
                    "U061A3E0G"
                ],
                "count": 1
            },
            {
                "name": "pig_nose",
                "users": [
                    "U061A3E0G",
                    "U065ETZEC"
                ],
                "count": 2
            }
        ]
    },
    {
        "user": "U1GGRN36X",
        "type": "message",
        "subtype": "channel_join",
        "text": "<@U1GGRN36X|dmajeti> has joined the channel",
        "ts": "1465865749.000019"
    },
    {
        "type": "message",
        "user": "U064SRKPD",
        "text": "<http:\/\/noceilings.org\/>",
        "attachments": [
            {
                "title": "No Ceilings: The Full Participation Project",
                "title_link": "http:\/\/noceilings.org\/",
                "text": "Since 1995, the status of women and girls has improved, but a deeper look into the data shows there is still much work to be done to secure gender equality on a global scale.",
                "fallback": "No Ceilings: The Full Participation Project",
                "image_url": "http:\/\/noceilings.org\/uploads\/homepage.png",
                "image_width": 326,
                "image_height": 250,
                "from_url": "http:\/\/noceilings.org\/",
                "image_bytes": 152766,
                "service_icon": "http:\/\/noceilings.org\/theme\/img\/ico\/apple-touch-icon-57x57.png",
                "service_name": "noceilings.org",
                "id": 1
            }
        ],
        "ts": "1465865925.000020"
    },
    {
        "type": "message",
        "user": "U064SRKPD",
        "text": "<http:\/\/littlesis.org\/>",
        "attachments": [
            {
                "service_name": "LittleSis",
                "title": "LittleSis - Profiling the powers that be",
                "title_link": "http:\/\/littlesis.org\/",
                "text": "An involuntary facebook of powerful Americans, collaboratively edited and maintained by people like you.",
                "fallback": "LittleSis: LittleSis - Profiling the powers that be",
                "from_url": "http:\/\/littlesis.org\/",
                "service_icon": "http:\/\/littlesis.org\/favicon.ico",
                "id": 1
            }
        ],
        "ts": "1465866009.000022"
    },
    {
        "type": "message",
        "user": "U064SRKPD",
        "text": "<http:\/\/neuropoetry.herokuapp.com\/>",
        "ts": "1465866263.000024"
    },
    {
        "type": "message",
        "user": "U064SRKPD",
        "text": "<http:\/\/kylemcdonald.net\/>",
        "attachments": [
            {
                "title": "Kyle McDonald",
                "title_link": "http:\/\/kylemcdonald.net\/",
                "text": "Kyle McDonald is a media artist who works with code, based in Brooklyn.",
                "fallback": "Kyle McDonald",
                "from_url": "http:\/\/kylemcdonald.net\/",
                "service_name": "kylemcdonald.net",
                "id": 1
            }
        ],
        "ts": "1465866377.000025"
    },
    {
        "type": "message",
        "user": "U064SRKPD",
        "text": "<http:\/\/www.rollingstone.com\/music\/news\/brian-eno-on-kanye-west-david-bowie-and-his-immersive-lp-the-ship-20160414>",
        "attachments": [
            {
                "service_name": "Rolling Stone",
                "title": "Brian Eno on Kanye West, David Bowie and His Immersive LP 'The Ship'",
                "title_link": "http:\/\/www.rollingstone.com\/music\/news\/brian-eno-on-kanye-west-david-bowie-and-his-immersive-lp-the-ship-20160414",
                "text": "\"What about making a song that you could walk around inside?\"",
                "fallback": "Rolling Stone: Brian Eno on Kanye West, David Bowie and His Immersive LP 'The Ship'",
                "image_url": "http:\/\/assets.rollingstone.com\/assets\/2016\/article\/brian-eno-on-kanye-west-david-bowie-and-his-immersive-lp-the-ship-20160414\/236585\/large_rect\/1460651560\/1401x788-20110617_zaf_rx3_355.jpg",
                "image_width": 444,
                "image_height": 250,
                "ts": 1460655240,
                "from_url": "http:\/\/www.rollingstone.com\/music\/news\/brian-eno-on-kanye-west-david-bowie-and-his-immersive-lp-the-ship-20160414",
                "image_bytes": 144025,
                "service_icon": "http:\/\/www.rollingstone.com\/assets\/img\/apple-iTouch\/RS-Logo-76x76.png",
                "id": 1
            }
        ],
        "ts": "1465866524.000027"
    },
    {
        "type": "message",
        "user": "U064SRKPD",
        "text": "<http:\/\/eyewire.org\/explore>",
        "attachments": [
            {
                "title": "Explore | EyeWire",
                "title_link": "http:\/\/eyewire.org\/explore",
                "text": "Play EyeWire to map the 3D structure of neurons and contribute to revolutionary crowd-sourced scientific discovery from Seung Lab.",
                "fallback": "Explore | EyeWire",
                "from_url": "http:\/\/eyewire.org\/explore",
                "thumb_url": "http:\/\/eyewire.org\/static\/images\/fblogo-large.png",
                "thumb_width": 200,
                "thumb_height": 200,
                "service_name": "eyewire.org",
                "id": 1
            }
        ],
        "ts": "1465867631.000029"
    },
    {
        "type": "message",
        "user": "U064SRKPD",
        "text": "<http:\/\/www.dear-data.com\/all\/>",
        "attachments": [
            {
                "service_name": "Dear Data",
                "title": "data postcards",
                "title_link": "http:\/\/www.dear-data.com\/all\/",
                "text": "Two women who switched continents get to know each other through the data they draw and send across the pond \u00a0 \u00a0",
                "fallback": "Dear Data: data postcards",
                "thumb_url": "http:\/\/static1.squarespace.com\/static\/54eec73ee4b0ae0904da0e94\/t\/55cb374ee4b0eeb918e657cf\/1464105543282\/?format=1000w",
                "from_url": "http:\/\/www.dear-data.com\/all\/",
                "thumb_width": 1000,
                "thumb_height": 988,
                "service_icon": "http:\/\/www.dear-data.com\/favicon.ico",
                "id": 1
            }
        ],
        "ts": "1465868172.000031",
        "reactions": [
            {
                "name": "hamburger",
                "users": [
                    "U061A3E0G"
                ],
                "count": 1
            },
            {
                "name": "+1",
                "users": [
                    "U1HKBB6MB",
                    "U061A1R2R"
                ],
                "count": 2
            }
        ]
    }
]