[
    {
        "type": "message",
        "user": "U061A1R2R",
        "text": "<@U061A5N1G>: have you seen vispy? <http:\/\/vispy.org\/>",
        "ts": "1434078082.000015"
    },
    {
        "user": "U061A5N1G",
        "inviter": "U061A1R2R",
        "type": "message",
        "subtype": "channel_join",
        "text": "<@U061A5N1G|neerajt> has joined the channel",
        "ts": "1434078090.000016"
    },
    {
        "type": "message",
        "user": "U061A1R2R",
        "text": "<http:\/\/www.mapshaper.org\/>",
        "attachments": [
            {
                "text": "A tool for topologically aware shape simplification. Reads and writes Shapefile, GeoJSON and TopoJSON formats.",
                "fallback": "A tool for topologically aware shape simplification. Reads and writes Shapefile, GeoJSON and TopoJSON formats.",
                "from_url": "http:\/\/www.mapshaper.org\/",
                "id": 1
            }
        ],
        "ts": "1434078778.000017"
    },
    {
        "type": "message",
        "user": "U061A1R2R",
        "text": "<http:\/\/marvl.infotech.monash.edu\/webcola\/>",
        "ts": "1434079923.000019"
    },
    {
        "type": "message",
        "user": "U061A1R2R",
        "text": "cola.js (A.K.A. \"WebCoLa\") is an open-source JavaScript library for arranging your HTML5 documents and diagrams using constraint-based optimization techniques.",
        "ts": "1434080030.000020"
    },
    {
        "type": "message",
        "user": "U061A1R2R",
        "text": "<https:\/\/github.com\/tmcw\/simple-statistics>",
        "attachments": [
            {
                "service_name": "GitHub",
                "title": "tmcw\/simple-statistics",
                "title_link": "https:\/\/github.com\/tmcw\/simple-statistics",
                "text": "simple-statistics - simple statistics for javascript in node and the browser",
                "fallback": "GitHub: tmcw\/simple-statistics",
                "thumb_url": "https:\/\/avatars2.githubusercontent.com\/u\/32314?v=3&s=400",
                "from_url": "https:\/\/github.com\/tmcw\/simple-statistics",
                "thumb_width": 400,
                "thumb_height": 400,
                "id": 1
            }
        ],
        "ts": "1434083745.000026"
    },
    {
        "type": "message",
        "user": "U061A5N1G",
        "text": "That would be good for your govt data node script",
        "ts": "1434085346.000028"
    }
]