[
    {
        "type": "message",
        "user": "U061A1R2R",
        "text": "<https:\/\/www.youtube.com\/watch?v=fThhbt23SGM>",
        "attachments": [
            {
                "service_name": "YouTube",
                "service_url": "http:\/\/www.youtube.com\/",
                "title": "Mike Bostock - Design is a Search Problem",
                "title_link": "https:\/\/www.youtube.com\/watch?v=fThhbt23SGM",
                "author_name": "BocoupLLC",
                "author_link": "http:\/\/www.youtube.com\/user\/BocoupLLC",
                "thumb_url": "https:\/\/i.ytimg.com\/vi\/fThhbt23SGM\/hqdefault.jpg",
                "thumb_width": 480,
                "thumb_height": 360,
                "fallback": "YouTube Video: Mike Bostock - Design is a Search Problem",
                "video_html": "<iframe width=\"400\" height=\"225\" src=\"https:\/\/www.youtube.com\/embed\/fThhbt23SGM?feature=oembed\" frameborder=\"0\" allowfullscreen><\/iframe>",
                "video_html_width": 400,
                "video_html_height": 225,
                "from_url": "https:\/\/www.youtube.com\/watch?v=fThhbt23SGM",
                "id": 1
            }
        ],
        "ts": "1434036453.000002"
    },
    {
        "type": "message",
        "user": "U061A1R2R",
        "text": "<http:\/\/www.slideshare.net\/robertofry\/data-driven-citizens>",
        "attachments": [
            {
                "service_name": "SlideShare",
                "service_url": "http:\/\/www.slideshare.net",
                "title": "Data Driven Citizens",
                "title_link": "http:\/\/www.slideshare.net\/robertofry\/data-driven-citizens",
                "author_name": "robertofry",
                "author_link": "http:\/\/www.slideshare.net\/robertofry",
                "thumb_width": 170,
                "thumb_height": 128,
                "text": "Data Driven Citizens  from robertofry",
                "fallback": "SlideShare Link: Data Driven Citizens",
                "from_url": "http:\/\/www.slideshare.net\/robertofry\/data-driven-citizens",
                "id": 1
            }
        ],
        "ts": "1434083785.000002"
    },
    {
        "type": "message",
        "user": "U061A1R2R",
        "text": "from the May 2015 London d3js meetup <http:\/\/www.meetup.com\/London-d3js\/events\/221955632\/>",
        "attachments": [
            {
                "service_name": "Meetup",
                "title": "London d3js meetup",
                "title_link": "http:\/\/www.meetup.com\/London-d3js\/events\/221955632\/",
                "text": "Schedule \u2022&amp;nbsp;18:30 ~ Door Open \u2022&amp;nbsp;18:50 ~ Welcome&amp;nbsp; \u2022&amp;nbsp;19:00 ~ \"Data Driven Citizens\"&amp;nbsp;by Rob Fry \u2022&amp;nbsp;19:40 ~ &amp;nbsp;\"Tooltips \u2013 Information goes undercover \" by Derek Hill \u2022&amp;nbsp",
                "fallback": "Meetup: London d3js meetup",
                "thumb_url": "http:\/\/photos3.meetupstatic.com\/photos\/event\/3\/d\/9\/c\/highres_330495772.jpeg",
                "from_url": "http:\/\/www.meetup.com\/London-d3js\/events\/221955632\/",
                "thumb_width": 1000,
                "thumb_height": 1000,
                "id": 1
            }
        ],
        "ts": "1434083837.000004"
    }
]