[
    {
        "type": "message",
        "user": "U061A5N1G",
        "text": "The data set is mostly ready",
        "ts": "1437331863.000002"
    },
    {
        "type": "message",
        "user": "U061A5N1G",
        "text": "For the next data jam!",
        "ts": "1437331874.000003"
    },
    {
        "type": "message",
        "user": "U066MTL5U",
        "text": "Awesome! When will it be? ",
        "ts": "1437331998.000004"
    },
    {
        "type": "message",
        "user": "U061A5N1G",
        "text": "Hmmmmm *logistics* .... We'll have to get a venue &amp; set a time.  I'm thinking it'd be cool to do it in August though, what about y'all?",
        "ts": "1437335580.000005"
    },
    {
        "type": "message",
        "user": "U066MTL5U",
        "text": "August works great for me! ",
        "ts": "1437342236.000006"
    }
]