[
    {
        "user": "U0CCDH7S6",
        "type": "message",
        "subtype": "channel_join",
        "text": "<@U0CCDH7S6|zubinrasheed> has joined the channel",
        "ts": "1444755164.000002"
    },
    {
        "type": "message",
        "user": "U061A5N1G",
        "text": "New data jam event posted. Come join us this Saturday! <http:\/\/www.meetup.com\/Houston-Data-Visualization-Meetup\/events\/226018977\/>",
        "edited": {
            "user": "U061A5N1G",
            "ts": "1444755478.000000"
        },
        "ts": "1444755381.000003"
    },
    {
        "type": "message",
        "subtype": "pinned_item",
        "user": "U061A5N1G",
        "item_type": "C",
        "attachments": [
            {
                "fallback": "[October 13th, 2015 9:56 AM] neerajt: New data jam event posted. Come join us this Saturday! <http:\/\/www.meetup.com\/Houston-Data-Visualization-Meetup\/events\/226018977\/>",
                "ts": "1444755381.000003",
                "author_subname": "neerajt",
                "channel_id": "C061A0WJG",
                "channel_name": "datajam",
                "is_msg_unfurl": true,
                "text": "New data jam event posted. Come join us this Saturday! <http:\/\/www.meetup.com\/Houston-Data-Visualization-Meetup\/events\/226018977\/>",
                "author_name": "Neeraj Tandon",
                "author_link": "https:\/\/houstondatavis.slack.com\/team\/neerajt",
                "author_icon": "https:\/\/secure.gravatar.com\/avatar\/f6819812f4c2cecc169371f70f5e7bd6.jpg?s=48&d=https%3A%2F%2Fa.slack-edge.com%2F272a%2Fimg%2Favatars%2Fava_0026-48.png",
                "mrkdwn_in": [
                    "text"
                ]
            }
        ],
        "text": "<@U061A5N1G|neerajt> pinned a message to this channel.",
        "ts": "1444755463.000006"
    },
    {
        "user": "U0CCARLFQ",
        "type": "message",
        "subtype": "channel_join",
        "text": "<@U0CCARLFQ|mfaini> has joined the channel",
        "ts": "1444755980.000008"
    }
]