[
    {
        "type": "message",
        "user": "U065ETZEC",
        "text": "<@U0CN2N1PT>: <https:\/\/github.com\/houstondatavis\/data-jam-april-2016>",
        "attachments": [
            {
                "service_name": "GitHub",
                "title": "houstondatavis\/data-jam-april-2016",
                "title_link": "https:\/\/github.com\/houstondatavis\/data-jam-april-2016",
                "text": "Contribute to data-jam-april-2016 development by creating an account on GitHub.",
                "fallback": "GitHub: houstondatavis\/data-jam-april-2016",
                "thumb_url": "https:\/\/avatars1.githubusercontent.com\/u\/12770645?v=3&s=400",
                "from_url": "https:\/\/github.com\/houstondatavis\/data-jam-april-2016",
                "thumb_width": 400,
                "thumb_height": 400,
                "id": 1
            }
        ],
        "ts": "1461720157.000003",
        "reactions": [
            {
                "name": "+1",
                "users": [
                    "U061A1R2R"
                ],
                "count": 1
            }
        ]
    }
]