[
    {
        "type": "message",
        "user": "U061A5N1G",
        "text": "<@U061A3E0G> Data Strings!",
        "ts": "1436542153.000003"
    },
    {
        "type": "message",
        "user": "U061A1R2R",
        "text": "<!everyone> get excited - our July meetup is on Monday!   I'm traveling this month,  so I'll put out a call to crowdsource some bahn mi sandwiches and drinks this time",
        "ts": "1436562616.000002"
    },
    {
        "type": "message",
        "user": "U061A1R2R",
        "text": "I'll tag our friendly organizers here <@U061A3E0G> <@U066MTL5U> <@U061A3E0G> ",
        "ts": "1436562654.000003"
    },
    {
        "type": "message",
        "user": "U061A1R2R",
        "text": "<@U061A5N1G> too",
        "ts": "1436562663.000004"
    },
    {
        "type": "message",
        "user": "U061A1R2R",
        "text": "happy to share what's worked for me food-wise in the past if that's helpful ",
        "ts": "1436562694.000005"
    },
    {
        "type": "message",
        "user": "U06TSTHSA",
        "text": "do you mean next Monday, the 13th?",
        "ts": "1436564515.000006"
    },
    {
        "type": "message",
        "user": "U061A1R2R",
        "text": "<@U06TSTHSA> yes the 13th of July is correct :-) ",
        "ts": "1436565703.000007"
    },
    {
        "type": "message",
        "user": "U061A5N1G",
        "text": "I'm happy to bring drinks - beers &amp; soda",
        "ts": "1436568709.000008"
    },
    {
        "type": "message",
        "user": "U061A5N1G",
        "text": "Also, if anyone has a lightning talk they want to present Monday, let me know. ",
        "ts": "1436568776.000009"
    }
]