[
    {
        "type": "message",
        "user": "U065ETZEC",
        "text": "yeah tinder bots tell users about sex health and free condom locations or sti testing clinics in chicago",
        "ts": "1446506906.000002"
    },
    {
        "type": "message",
        "user": "U066MTL5U",
        "text": "Sounds cool! Is the code up anywhere we can browse?",
        "ts": "1446506992.000003"
    },
    {
        "type": "message",
        "user": "U065ETZEC",
        "text": "it will be once we finish up the project in few weeks!",
        "ts": "1446507057.000004"
    },
    {
        "type": "message",
        "user": "U066MTL5U",
        "text": "Cool! Can't wait to see!",
        "ts": "1446507106.000005"
    }
]