[
    {
        "type": "message",
        "user": "U061A1R2R",
        "text": "<http:\/\/www.wired.com\/2015\/07\/forget-4k-low-res-screen-creates-images-thread\/>",
        "attachments": [
            {
                "service_name": "WIRED",
                "title": "Forget 4K: This Low-Res Screen Creates Images Out of Thread",
                "title_link": "http:\/\/www.wired.com\/2015\/07\/forget-4k-low-res-screen-creates-images-thread\/",
                "text": "Using 6,400 spools and nearly seven miles of multicolored fabric, this one-of-a-kind screen converts Instagram images into fabric photos.",
                "fallback": "WIRED: Forget 4K: This Low-Res Screen Creates Images Out of Thread",
                "image_url": "http:\/\/www.wired.com\/wp-content\/uploads\/2015\/07\/threadscreen1-Featured-660x395.jpg",
                "image_width": 418,
                "image_height": 250,
                "from_url": "http:\/\/www.wired.com\/2015\/07\/forget-4k-low-res-screen-creates-images-thread\/",
                "image_bytes": 32994,
                "id": 1
            }
        ],
        "ts": "1438092507.000002"
    }
]