[
    {
        "type": "message",
        "user": "U0CRUMJ2D",
        "text": "I am using the sad_panda gem, but it was last updated in 2013. There was a pull request to increase the speed of 'stemming' the words, which are then analyzed, but that pull request was in Feb 26. I may have to end up using that pull request then so I don't end up waiting forever.",
        "edited": {
            "user": "U0CRUMJ2D",
            "ts": "1445431403.000000"
        },
        "ts": "1445431390.000002"
    },
    {
        "type": "message",
        "user": "U066MTL5U",
        "text": "Yeah you might. The author seems active, but focused on other things.",
        "edited": {
            "user": "U066MTL5U",
            "ts": "1445431567.000000"
        },
        "ts": "1445431561.000004"
    },
    {
        "type": "message",
        "user": "U066MTL5U",
        "text": "looks like the pull request is a very simple diff. I'd fork it and try",
        "ts": "1445431657.000006"
    }
]