[
    {
        "type": "message",
        "user": "U061A5N1G",
        "text": "<!group> the next data jam is posted! It's coming up fast, hope to see a bunch of you there.",
        "ts": "1438645480.000002"
    },
    {
        "type": "message",
        "user": "U061A5N1G",
        "text": "Join us for the 2nd data jam with Houston Data Visualization Meetup <http:\/\/meetu.ps\/2LbH4K>",
        "attachments": [
            {
                "service_name": "Meetup",
                "title": "Houston Data Visualization Meetup",
                "title_link": "http:\/\/meetu.ps\/2LbH4K",
                "text": "following the success of our first data jam, a lot of us are excited to do this again! we'll work in small teams to visualize a new dataset in three hours. we'll announce the actual dataset at the beg",
                "fallback": "Meetup: Houston Data Visualization Meetup",
                "thumb_url": "http:\/\/photos3.meetupstatic.com\/photos\/event\/2\/b\/a\/e\/highres_298991182.jpeg",
                "from_url": "http:\/\/meetu.ps\/2LbH4K",
                "thumb_width": 871,
                "thumb_height": 832,
                "id": 1
            }
        ],
        "ts": "1438645564.000003"
    }
]