[
    {
        "type": "message",
        "user": "U061A5N1G",
        "text": "September event details posted",
        "ts": "1441043308.000002"
    },
    {
        "type": "message",
        "user": "U061A5N1G",
        "text": "<http:\/\/www.meetup.com\/Houston-Data-Visualization-Meetup\/events\/224527330\/>",
        "attachments": [
            {
                "service_name": "Meetup",
                "title": "Houston Data Visualization Meetup",
                "title_link": "http:\/\/www.meetup.com\/Houston-Data-Visualization-Meetup\/events\/224527330\/",
                "text": "conversation to 7p, then:zap: lightning talks and a speaker Dave will be talking about XVSY, a toy project for grammar of graphics based data exploration implemented in Clojure. The goal of XVSY was to le",
                "fallback": "Meetup: Houston Data Visualization Meetup",
                "thumb_url": "http:\/\/photos3.meetupstatic.com\/photos\/event\/2\/b\/a\/e\/highres_298991182.jpeg",
                "from_url": "http:\/\/www.meetup.com\/Houston-Data-Visualization-Meetup\/events\/224527330\/",
                "thumb_width": 871,
                "thumb_height": 832,
                "id": 1
            }
        ],
        "ts": "1441043341.000003"
    },
    {
        "type": "message",
        "user": "U061A1R2R",
        "text": "nice!  this will be good.  do we have a bio link of some sort for Dave?  github LinkedIn or twitter are all helpful",
        "ts": "1441046194.000005"
    },
    {
        "type": "message",
        "user": "U061A5N1G",
        "text": "good idea,  added a link to his blog in the description. also added a :zap: talk",
        "ts": "1441049557.000006"
    },
    {
        "type": "message",
        "user": "U061A5N1G",
        "text": "if anyone else has a :zap: talk idea, reach out",
        "ts": "1441049638.000007"
    },
    {
        "type": "message",
        "user": "U061A5N1G",
        "text": "also, the R user\u2019s group is having a talk tomorrow that may be of interest to folks in this group",
        "ts": "1441049779.000008"
    },
    {
        "type": "message",
        "user": "U061A5N1G",
        "text": "about the R package `ggvis`",
        "ts": "1441049793.000009"
    },
    {
        "type": "message",
        "user": "U061A1R2R",
        "text": ":+1: ",
        "ts": "1441050074.000010"
    }
]