[
    {
        "type": "message",
        "user": "U17FMTJMQ",
        "text": "literally space data <http:\/\/blog.initialstate.com\/3536-2\/>",
        "attachments": [
            {
                "title": "Analyze the Astro Pi Space Data in Your Web Browser | Initial State",
                "title_link": "http:\/\/blog.initialstate.com\/3536-2\/",
                "text": "Introduction On December 9, 2015, two augmented Raspberry Pi single-board computers (aka the Astro Pis) were delivered to the International Space Station (ISS) via the Cygnus spacecraft. Part of British ESA Astronaut Tim Peake\u2019s mission was to run experiments devised by the winners of the Astro Pi school-age student competition in the UK. The Raspberry [&amp;hellip",
                "fallback": "Analyze the Astro Pi Space Data in Your Web Browser | Initial State",
                "image_url": "http:\/\/blog.initialstate.com\/wp-content\/uploads\/2016\/04\/2016-04-24-AstroPi-Thumb.jpg",
                "ts": 1461747642,
                "from_url": "http:\/\/blog.initialstate.com\/3536-2\/",
                "image_width": 314,
                "image_height": 250,
                "image_bytes": 77241,
                "service_icon": "http:\/\/blog.initialstate.com\/wp-content\/uploads\/fbrfg\/apple-touch-icon-57x57.png?v=9BKm6POAz8",
                "service_name": "blog.initialstate.com",
                "id": 1
            }
        ],
        "ts": "1464822603.000032",
        "reactions": [
            {
                "name": "sunglasses",
                "users": [
                    "U064SRKPD",
                    "U061A5N1G",
                    "U061A1R2R"
                ],
                "count": 3
            }
        ]
    }
]