[
    {
        "type": "message",
        "user": "U061A3E0G",
        "text": "I didn't make it, but heard great things!",
        "ts": "1459888405.000013"
    },
    {
        "type": "message",
        "user": "U066B6F9R",
        "text": "That link has their github repos. Wonder if there is a 2016 one too",
        "ts": "1459890833.000014"
    },
    {
        "type": "message",
        "user": "U061A5N1G",
        "text": "hopefully they\u2019ll post them soon",
        "ts": "1459891779.000015"
    }
]