[
    {
        "type": "message",
        "user": "U061A3E0G",
        "text": "Openvis Conf talks are now live!!! OpenVis Conf 2016: <http:\/\/www.youtube.com\/playlist?list=PLlgxAbM67lYKz_NssZ1DdDwIRIWbkDlN->",
        "attachments": [
            {
                "title": "  OpenVis Conf 2016  - YouTube",
                "title_link": "http:\/\/www.youtube.com\/playlist?list=PLlgxAbM67lYKz_NssZ1DdDwIRIWbkDlN-",
                "text": "Videos from OpenVis Conf 2016 <https:\/\/openvisconf.com>",
                "fallback": "  OpenVis Conf 2016  - YouTube",
                "from_url": "http:\/\/www.youtube.com\/playlist?list=PLlgxAbM67lYKz_NssZ1DdDwIRIWbkDlN-",
                "id": 1
            }
        ],
        "ts": "1463177845.000020",
        "reactions": [
            {
                "name": "+1",
                "users": [
                    "U065ETZEC",
                    "U061A5N1G",
                    "U064KUGRJ",
                    "U061A1R2R",
                    "U064SRKPD"
                ],
                "count": 5
            },
            {
                "name": "film_projector",
                "users": [
                    "U061A1R2R"
                ],
                "count": 1
            }
        ]
    }
]