[
    {
        "type": "message",
        "user": "U066B6F9R",
        "text": "<http:\/\/sciencehackdayhouston.com\/science-hack-day-houston-2015-recap\/> did anyone go this year?",
        "attachments": [
            {
                "service_name": "Science Hack Day Houston",
                "title": "Science Hack Day Houston 2015 Recap",
                "title_link": "http:\/\/sciencehackdayhouston.com\/science-hack-day-houston-2015-recap\/",
                "text": "After the successful kick-off of Science Hack Day Houston 2014, Brightwork CoResearch hosted the second round of Science Hack Day Houston at the Houston Museum of Natural Science last year on April\u2026",
                "fallback": "Science Hack Day Houston: Science Hack Day Houston 2015 Recap",
                "image_url": "http:\/\/sciencehackdayhouston.com\/wp-content\/uploads\/2016\/02\/971288_640425789362145_1943133088158491281_n.jpg",
                "image_width": 376,
                "image_height": 250,
                "ts": 1455396712,
                "from_url": "http:\/\/sciencehackdayhouston.com\/science-hack-day-houston-2015-recap\/",
                "image_bytes": 103537,
                "id": 1
            }
        ],
        "ts": "1459703910.000011"
    }
]