[
    {
        "type": "message",
        "user": "U061A5N1G",
        "text": "<http:\/\/variable.io\/cindermedusae\/>",
        "ts": "1464202937.000027"
    },
    {
        "type": "message",
        "user": "U061A5N1G",
        "text": "Does anyone else here have an interesting visualization of text-based data?",
        "ts": "1464207490.000028"
    },
    {
        "type": "message",
        "user": "U061A5N1G",
        "text": "I\u2019m thinking we can have June\u2019s Meetup be themed on visualizing primarily text-based data",
        "ts": "1464207562.000029"
    },
    {
        "type": "message",
        "user": "U061A3E0G",
        "text": "Very yes",
        "ts": "1464224657.000030"
    },
    {
        "type": "message",
        "user": "U061A5N1G",
        "text": "You in, <@U061A3E0G>?",
        "ts": "1464224737.000031"
    }
]